USE HallgatoiNyilvanT
GO

-- hallagtói adatokkal feltöltés 
INSERT INTO hallgatok 
VALUES ('ABC123', 'Bíró', 'Ferenc', 'Győr', 'Tihanyi u. 22', '9022', NULL, '1992-02-02', 0, 'Bsc', NULL, 0, NULL)
INSERT INTO hallgatok 
VALUES ('XS34A6', 'Nagy', 'Csongor', 'Győr', 'Baross u. 44', '9022', NULL, '1988-12-28', 0, 'Bsc', NULL, 0, NULL)
INSERT INTO hallgatok 
VALUES ('W1W2W3', 'Kovács', 'Eszter', 'Budapest', 'Mester u. 33.', '1206', NULL,'1991-06-06', 1, 'Bsc', NULL, 0, NULL)
INSERT INTO hallgatok 
VALUES ('KJH1AA', 'Szép', 'Éva', 'Győr', 'Petőfi S u. 33.', '9022', NULL, '1991-06-06', 1, 'Bsc', NULL, 0, NULL)
INSERT INTO hallgatok 
VALUES ('TR43ZT', 'Czeglédi', 'Kata', 'Győr', 'Honvéd u. 33.', '9022', NULL,'1991-06-06', 1, 'Bsc', 1, 0, NULL)
INSERT INTO hallgatok 
VALUES ('ASD123', 'Pup', 'Ingrid', 'Győr', 'Révai u. 33.', '9022', NULL,'1991-06-06', 1, 'Bsc', 1, 0, NULL)
INSERT INTO hallgatok
VALUES ('DFE852', 'Kiss', 'Nikoletta', 'Győr', 'Honvéd u 66', '9022', NULL, '1989-08-28', 1, 'Msc', NULL, 120000, NULL)
INSERT INTO hallgatok 
VALUES ('HJK876', 'Nagy', 'Ádám', 'Győr', 'Petőfi S. u. 18.', '9022', NULL, '1990-08-16',0, 'Bsc', 1, 0, NULL)
INSERT INTO hallgatok 
VALUES ('543LLL', 'Kis', 'Péter', 'Győr', 'Arany J. u. 44.', '9022', NULL, '1991-05-17',0, 'Bsc', 1, 0, NULL)
INSERT INTO hallgatok 
VALUES ('987MNB', 'Kovács', 'Ádám', 'Budapest', 'Mester u. 28.', '1205', NULL,'1984-08-16',0, 'Bsc', NULL, 0, NULL)
INSERT INTO hallgatok 
VALUES ('RTZ987', 'Tóth', 'János', 'Győr', 'Jókai M. u. 19.', '9022', NULL,'1984-01-14',0, 'Bsc', NULL, 0, NULL)
INSERT INTO hallgatok 
VALUES ('REW123', 'Szabó', 'József', 'Győr', 'Csalogány u. 33.', '9022', NULL,'1989-12-06',0, 'Bsc', NULL, 0, NULL)

INSERT INTO hallgatok 
VALUES ('ABC124', 'Bíró Ferencné', 'Éva', 'Győr', 'Tihanyi u. 56', '9022', NULL, '1970-02-02', 1, 'Bsc', NULL, 0, NULL)
INSERT INTO hallgatok 
VALUES ('XS34A8', 'Kiss', 'Csongor', 'Komárom', 'Baross u. 44', '2900', NULL, '1989-12-28', 0, 'Bsc', NULL, 0, NULL)
INSERT INTO hallgatok 
VALUES ('W1V2W3', 'Kovács', 'Evelin', 'Budapest', 'Mester u. 313.', '1206', NULL,'1999-06-16', 1, 'Bsc', 3, 0, NULL)
INSERT INTO hallgatok 
VALUES ('KJD1AA', 'Szép', 'Katalin', 'Győr', 'Petőfi S u. 343.', '9022', NULL, '1998-06-06', 1, 'Bsc', NULL, 0, NULL)
INSERT INTO hallgatok 
VALUES ('TR53ZT', 'Czeglédi', 'Kira', 'Győr', 'Honvéd u. 333.', '9022', NULL,'1999-06-06', 1, 'Bsc', 1, 0, NULL)
INSERT INTO hallgatok 
VALUES ('ABG123', 'Pupák', 'Ingrid', 'Szombathely', 'Révai u. 33.', '9700', NULL,'1991-12-06', 1, 'Bsc', 2, 0, NULL)
INSERT INTO hallgatok
VALUES ('DFH852', 'Kiss', 'Nikoletta Evelin', 'Győr', 'Honvéd u 266', '9022', NULL, '1999-08-22', 1, 'Msc', 1, 120000, NULL)
INSERT INTO hallgatok 
VALUES ('HJM876', 'Nagy', 'Ádám Balázs', 'Győrladamér', 'Petőfi S. u. 181.', '9173', NULL, '1990-08-15',0, 'Bsc', 1, 0, NULL)
INSERT INTO hallgatok 
VALUES ('543AAA', 'Kiss', 'Péter Tamás', 'Győr', 'Arany J. u. 414.', '9022', NULL, '1991-05-17',0, 'Bsc', 1, 0, NULL)
INSERT INTO hallgatok 
VALUES ('987BNM', 'Ferenczi', 'Ádám', 'Budapest', 'Kazinczy u. 28.', '1205', NULL,'1989-08-16',0, 'Bsc', NULL, 0, NULL)
INSERT INTO hallgatok 
VALUES ('RTZ789', 'Tóth', 'János ELemér', 'Győr', 'Jókai M. u. 23.', '9022', NULL,'1978-01-14',0, 'Bsc', NULL, 0, NULL)
INSERT INTO hallgatok 
VALUES ('REW321', 'Szabó', 'Károly', 'Győrszentiván', 'Pacsirta u. 38.', '9011', NULL,'2001-01-06',0, 'Bsc', NULL, 0, NULL)

INSERT INTO hallgatok 
VALUES ('AAA111', 'Bíró', 'Aurélia', 'Győr', 'Tihanyi u. 222', '9022', NULL, '2001-02-02', 1, 'Bsc', NULL, 0, NULL)
INSERT INTO hallgatok 
VALUES ('A1A2A3', 'Nagy', 'Fruzsina', 'Győr', 'Baross u. 443', '9022', NULL, '1989-12-28', 1, 'Bsc', 1, 0, NULL)
INSERT INTO hallgatok 
VALUES ('W1W2W9', 'Kovács', 'Eszter Virág', 'Budapest', 'Mester u. 333.', '1206', NULL,'1991-09-06', 1, 'Bsc', NULL, 0, NULL)
INSERT INTO hallgatok 
VALUES ('KJH1BB', 'Kiss', 'Virág', 'Győr', 'Petőfi S u. 336.', '9022', NULL, '1991-11-06', 1, 'Bsc', 1, 0, NULL)
INSERT INTO hallgatok 
VALUES ('TR444T', 'Virág', 'Eszter', 'Győr', 'Honvéd u. 334.', '9022', NULL,'1991-10-06', 1, 'Bsc', 1, 0, NULL)
INSERT INTO hallgatok 
VALUES ('A12BC3', 'Károly', 'Zalán', 'Győr', 'Révai u. 333.', '9022', NULL,'1991-04-06', 0, 'Bsc', NULL, 0, NULL)
INSERT INTO hallgatok
VALUES ('D124GB', 'Kovács', 'Béla', 'Győr', 'Honvéd u 664', '9022', NULL, '1989-11-28', 0, 'Msc', NULL, 120000, NULL)
INSERT INTO hallgatok 
VALUES ('HJK987', 'Nagy', 'György', 'Győr', 'Petőfi S. u. 118.', '9022', NULL, '1990-10-16',0, 'Bsc', 1, 0, NULL)
INSERT INTO hallgatok 
VALUES ('VWV111', 'Kiss', 'Péter ', 'Győr', 'Arany J. u. 444.', '9022', NULL, '1991-05-23',0, 'Bsc', NULL, 0, NULL)
INSERT INTO hallgatok 
VALUES ('333CDA', 'Kovács', 'Ádám Tamás', 'Budapest', 'Mester u. 228.', '1205', NULL,'1986-08-16',0, 'Bsc', NULL, 0, NULL)
INSERT INTO hallgatok 
VALUES ('RTZ765', 'Tóth', 'János Levente', 'Győr', 'Jókai M. u. 23.', '9022', NULL,'1984-01-24',0, 'Bsc', NULL, 0, NULL)
INSERT INTO hallgatok 
VALUES ('REW654', 'Szabó Józsefné', 'Ilona', 'Győr', 'Csalogány u. 3.', '9022', NULL,'1989-12-16',1, 'Bsc', NULL, 0, NULL)

INSERT INTO hallgatok 
VALUES ('234EDC', 'Bartalos', 'Elemér', 'Balatonlelle', 'Tihanyi u. 22', '8638', NULL, '1992-02-02', 0, 'Msc', NULL, 0, NULL)
INSERT INTO hallgatok 
VALUES ('ASD567', 'Nagy', 'Csenge', 'Budapest', 'Baross u. 44', '1206', NULL, '1988-11-28', 1, 'Msc', NULL, 0, NULL)
INSERT INTO hallgatok 
VALUES ('M87HG5', 'Kovács', 'Evelin', 'Győrszemere', 'Mester u. 33.', '9121', NULL,'1991-06-06', 1, 'Msc', NULL, 0, NULL)
INSERT INTO hallgatok 
VALUES ('KJH23D', 'Szabó', 'Éva', 'Győrszentiván', 'Petőfi S u. 33.', '9011', NULL, '1990-06-06', 1, 'Bsc', NULL, 0, NULL)
INSERT INTO hallgatok 
VALUES ('TFVBH5', 'Czibor', 'Kata', 'Gyirmót', 'Honvéd u. 33.', '9019', NULL,'1999-06-06', 1, 'Bsc', NULL, 0, NULL)
INSERT INTO hallgatok 
VALUES ('940DER', 'Papp', 'Ingrid', 'Vámosszabadi', 'Révai u. 33.', '9061', NULL,'1991-10-06', 1, 'Bsc', NULL, 0, NULL)
INSERT INTO hallgatok
VALUES ('ABCDEF', 'Kiss', 'Noémi', 'Sopron', 'Honvéd u 66', '5674', NULL, '1989-03-28', 1, 'Msc', NULL, 120000, NULL)
INSERT INTO hallgatok 
VALUES ('123456', 'Horváth', 'Ádám', 'Győrújbarát', 'Petőfi S. u. 18.', '9081', NULL, '1990-08-26',0, 'Bsc', NULL, 0, NULL)
INSERT INTO hallgatok 
VALUES ('789UJM', 'Homonnai', 'Péter', 'Győrújbarát', 'Arany J. u. 44.', '9081', NULL, '1991-05-31',0, 'Bsc', NULL, 0, NULL)
INSERT INTO hallgatok 
VALUES ('MNB3ED', 'Kecskés', 'Ádám', 'Kecskemét', 'Mester u. 28.', '6000', NULL,'1984-08-11',0, 'Bsc', 4, 0, NULL)
INSERT INTO hallgatok 
VALUES ('TG897B', 'Tóth', 'Bianka', 'Eger', 'Jókai M. u. 19.', '3300', NULL,'1984-10-10',1, 'Bsc', NULL, 0, NULL)
INSERT INTO hallgatok 
VALUES ('AQW2DF', 'Szakács', 'József', 'Visegrád', 'Csalogány u. 33.', '2025', NULL,'1999-12-06',0, 'Bsc', NULL, 0, NULL)


INSERT INTO hallgatok 
VALUES ('987654', 'Bartal', 'Tamás', 'Sopron', 'Teleki u. 232', '5674', NULL, '1999-03-02', 0, 'Bsc', NULL, 0, NULL)
INSERT INTO hallgatok 
VALUES ('QASDRF', 'Nagy', 'Evelin', 'Győr', 'Benedek u. 44', '9022', NULL, '2000-01-28', 1, 'Bsc', 2, 0, NULL)

GO
--SELECT * FROM hallgatok
--GO
-- tárgy adatokkal feltöltés 
INSERT INTO tantargyak VALUES ('NGB_IN001_1', 'Programozás 1', 5, NULL)
INSERT INTO tantargyak VALUES ('NGB_IN001_2', 'Programozás 2', 4, 'NGB_IN001_1')
INSERT INTO tantargyak VALUES ('NGB_IN001_3', 'Programozás 3', 6, 'NGB_IN001_2')
INSERT INTO tantargyak VALUES ('NGB_IN008_1', 'Adatbáziskezelés', 5, 'NGB_IN001_1')
INSERT INTO tantargyak VALUES ('NGB_IN039_1', 'Tudományos szoftverek tervezése', 5, NULL)
INSERT INTO tantargyak VALUES ('NGM_AU033_1', 'Robotikai vezérlőrendszerek', 5, NULL)
INSERT INTO tantargyak VALUES ('NGB_IN004_1', 'Számítógép-architektúrák', 4, 'NGB_IN001_1')
INSERT INTO tantargyak VALUES ('NGM_IN025_1', 'Adaptív rendszerek', 5, NULL)
INSERT INTO tantargyak VALUES ('GKNB_INTM010', 'Adatbázisok', 4, NULL)
INSERT INTO tantargyak VALUES ('NGB_IN079_1', 'Adatbázis-programozás I.', 6, NULL)

INSERT INTO tantargyak VALUES ('NGB_IN079_2', 'Adatbázis-programozás II.', 6, NULL)
INSERT INTO tantargyak VALUES ('NGB_IN084_1', 'Adatintenzív adatbázis-kezelő alkalmazások', 4, 'NGB_IN008_1')
INSERT INTO tantargyak VALUES ('NGB_IN075_1', 'Ágazati információrendszerek I.', 6, NULL)
INSERT INTO tantargyak VALUES ('NGB_IN075_2', 'Ágazati információrendszerek II.', 5, 'NGB_IN075_1')
INSERT INTO tantargyak VALUES ('NGM_IN066_1', 'Ágazat specifikus rendszerek', 5, NULL)
INSERT INTO tantargyak VALUES ('NGM_IN189_1', 'Application of Monte Carlo Simulation in Vehicle Industry', 5, NULL)
INSERT INTO tantargyak VALUES ('NGB_IN080_1', 'Banki Informatika', 4, NULL)
INSERT INTO tantargyak VALUES ('NGB_IN022_1', 'Beágyazott szoftverek', 5, NULL)
INSERT INTO tantargyak VALUES ('GKLM_INTM069', 'Bevezetés a bioinformatikába', 4, NULL)
INSERT INTO tantargyak VALUES ('NGB_IN014_1', 'Bevezetés az információtechnológiába', 6, NULL)

INSERT INTO tantargyak VALUES ('GKLM_INTM070', 'Bonyolultságelmélet', 5, NULL)
INSERT INTO tantargyak VALUES ('NGB_IN027_1', 'CASE technológia', 4, NULL)
INSERT INTO tantargyak VALUES ('NGB_IN071_1', 'Communication and Presentation', 6, NULL)
INSERT INTO tantargyak VALUES ('NGM_IN093_1', 'Diplomatervezés 1.', 5, NULL)
INSERT INTO tantargyak VALUES ('NGM_IN093_2', 'Diplomatervezés 2.', 5, 'NGM_IN093_1')
INSERT INTO tantargyak VALUES ('NGM_IN024_1', 'Dokumentumkezelő rendszerek', 5, NULL)
INSERT INTO tantargyak VALUES ('NGB_IN072_1', 'Döntés, döntéstámogatás', 4, NULL)
INSERT INTO tantargyak VALUES ('NGB_IN021_1', 'Döntéselőkészítés', 5, NULL)
INSERT INTO tantargyak VALUES ('NGB_IN028_2', 'Döntéselőkészítő rendszerek', 4, NULL)
INSERT INTO tantargyak VALUES ('NGF_IN006_1', 'E-logisztika', 6, NULL)

INSERT INTO tantargyak VALUES ('NGM_IN005_1', 'Elosztott rendszerek', 5, NULL)
INSERT INTO tantargyak VALUES ('NGB_IN047_2', 'Emberközpontú infokommunikáció', 4, NULL)
INSERT INTO tantargyak VALUES ('NGM_IN003_1', 'Formális módszerek', 6, NULL)
INSERT INTO tantargyak VALUES ('GKLM_INTM055', 'Formális nyelvek és automaták', 5, NULL)
INSERT INTO tantargyak VALUES ('GKLB_INTM038 ', 'Gépi látás', 5, NULL)
INSERT INTO tantargyak VALUES ('NGB_IN044_1 ', 'Gépi tanulás', 5, NULL)
INSERT INTO tantargyak VALUES ('NGB_IN037_1', 'Grafikus fejlesztés dotNET-ben', 4, NULL)
INSERT INTO tantargyak VALUES ('NGB_IN026_1', 'Grafikus modellezés', 5, NULL)
INSERT INTO tantargyak VALUES ('NGB_IN083_1', 'Humanoid informatika', 4, NULL)
INSERT INTO tantargyak VALUES ('NGB_IN046_1', 'Humanoid robotok irányítása', 6, NULL)

INSERT INTO tantargyak VALUES ('NGB_IN078_1', 'Informatikai beruházások megtérülése I.', 5, NULL)
INSERT INTO tantargyak VALUES ('NGB_IN035_1', 'Internet alkalmazások', 4, NULL)
INSERT INTO tantargyak VALUES ('NGB_IN062_1 ', 'IR fejlesztés I.', 6, NULL)
INSERT INTO tantargyak VALUES ('NGB_IN076_1 ', 'IT-biztonság tervezése', 5, NULL)
INSERT INTO tantargyak VALUES ('NGB_IN015_1', 'IT-szolgáltatások', 5, NULL)
INSERT INTO tantargyak VALUES ('NGB_IN085_1', 'Mesterséges intelligencia', 5, NULL)
INSERT INTO tantargyak VALUES ('NGB_IN038_1', 'Portálfejlesztés dotNET-ben', 4, NULL)
INSERT INTO tantargyak VALUES ('NGB_IN036_1', 'Programozás dotNET-ben', 5, NULL)
INSERT INTO tantargyak VALUES ('NGB_IN092_1', 'Szakdolgozatkészítés I.', 4, NULL)
INSERT INTO tantargyak VALUES ('NGB_IN092_2', 'Szakdolgozatkészítés II.', 6, 'NGB_IN092_1')
GO
--SELECT * FROM tantargyak
--GO

-- jegyek
INSERT INTO jegyek VALUES ('ABC123', 'NGB_IN001_1', 4, '2018-09-20', NULL, NULL, NULL)
INSERT INTO jegyek VALUES ('543LLL', 'NGB_IN001_1', 4, '2017-06-10', NULL, NULL, NULL)
INSERT INTO jegyek VALUES ('543LLL', 'NGB_IN001_2', 1, '2018-06-10', null, NULL, NULL)
INSERT INTO jegyek VALUES ('543LLL', 'NGB_IN001_2', 1, '2019-01-12', 1, NULL, NULL)
INSERT INTO jegyek VALUES ('DFE852', 'NGM_AU033_1', 5, '2018-05-27', NULL, NULL, NULL)
INSERT INTO jegyek VALUES ('543LLL', 'NGB_IN001_2', 1, '2019-01-20', 2, NULL, NULL)
INSERT INTO jegyek VALUES ('543LLL', 'NGB_IN001_2', 3, '2019-02-02', 3, NULL, NULL)
INSERT INTO jegyek VALUES ('123456', 'NGB_IN001_1', 1, '2018-12-12', NULL, NULL, NULL)
INSERT INTO jegyek VALUES ('123456', 'NGB_IN001_1', 4, '2019-01-10', 1, NULL, NULL)
INSERT INTO jegyek VALUES ('ABC123', 'NGB_IN079_2', 1, '2018-06-10', 1, NULL, NULL)
INSERT INTO jegyek VALUES ('XS34A6', 'NGB_IN079_2', 3, '2017-01-12', NULL, NULL, NULL)
INSERT INTO jegyek VALUES ('W1W2W3', 'NGB_IN014_1', 3, '2019-01-12', NULL, NULL, NULL)
INSERT INTO jegyek VALUES ('KJH1AA', 'NGB_IN080_1', 1, '2018-06-17', NULL, NULL, NULL)
INSERT INTO jegyek VALUES ('KJH1AA', 'NGB_IN001_2', 2, '2018-06-17', NULL, NULL, NULL)
INSERT INTO jegyek VALUES ('KJH1AA', 'NGB_IN079_2', 3, '2018-06-17', NULL, NULL, NULL)
INSERT INTO jegyek VALUES ('TR43ZT', 'NGB_IN001_2', 1, '2018-06-13', NULL, NULL, NULL)
INSERT INTO jegyek VALUES ('TR43ZT', 'NGB_IN001_2', 3, '2018-06-23', 1, NULL, NULL)
INSERT INTO jegyek VALUES ('ASD123', 'NGB_IN001_1', 4, '2018-12-12', NULL, NULL, NULL)
INSERT INTO jegyek VALUES ('DFE852', 'NGB_IN001_1', 4, '2019-01-10', NULL, NULL, NULL)
INSERT INTO jegyek VALUES ('HJK876', 'NGB_IN001_2', 1, '2018-12-12', NULL, NULL, NULL)
INSERT INTO jegyek VALUES ('543LLL', 'NGM_AU033_1', 4, '2019-01-12', NULL, NULL, NULL)
INSERT INTO jegyek VALUES ('987MNB', 'NGB_IN046_1', 5, '2019-01-12', NULL, NULL, NULL)
INSERT INTO jegyek VALUES ('RTZ987', 'NGB_IN046_1', 1, '2019-06-17', NULL, NULL, NULL)
INSERT INTO jegyek VALUES ('REW123', 'NGB_IN046_1', 3, '2018-12-15', NULL, NULL, NULL)
INSERT INTO jegyek VALUES ('ABC124', 'NGB_IN046_1', 4, '2018-12-15', NULL, NULL, NULL)
INSERT INTO jegyek VALUES ('XS34A8', 'NGB_IN046_1', 4, '2019-06-10', NULL, NULL, NULL)
INSERT INTO jegyek VALUES ('W1V2W3', 'NGB_IN044_1', 3, '2019-01-20', NULL, NULL, NULL)
INSERT INTO jegyek VALUES ('KJD1AA', 'NGB_IN044_1', 4, '2019-01-12', NULL, NULL, NULL)
INSERT INTO jegyek VALUES ('TR53ZT', 'NGB_IN062_1', 5, '2019-06-10', NULL, NULL, NULL)
INSERT INTO jegyek VALUES ('ABG123', 'NGB_IN062_1', 3, '2019-06-17', NULL, NULL, NULL)
INSERT INTO jegyek VALUES ('123456', 'NGB_IN001_2', 3, '2019-05-23', NULL, NULL, NULL)


GO
--SELECT * FROM jegyek
--GO
