futam_id,szezon_id,helyszin_id,datum,ido,idojarasi_korulmeny_id
833,61,9,13/5/1950,\N,1
834,61,6,21/5/1950,\N,5
835,61,19,30/5/1950,\N,4
836,61,66,4/6/1950,\N,9
837,61,13,18/6/1950,\N,1
838,61,55,2/7/1950,\N,9
839,61,14,3/9/1950,\N,7
825,60,66,27/5/1951,\N,4
826,60,19,30/5/1951,\N,6
827,60,13,17/6/1951,\N,3
828,60,55,1/7/1951,\N,6
829,60,9,14/7/1951,\N,5
830,60,20,29/7/1951,\N,4
831,60,14,16/9/1951,\N,2
832,60,67,28/10/1951,\N,4
817,59,66,18/5/1952,\N,4
818,59,19,30/5/1952,\N,9
819,59,13,22/6/1952,\N,2
820,59,53,6/7/1952,\N,9
821,59,9,19/7/1952,\N,3
822,59,20,3/8/1952,\N,3
823,59,39,17/8/1952,\N,3
824,59,14,7/9/1952,\N,9
808,58,25,18/1/1953,\N,7
809,58,19,30/5/1953,\N,4
810,58,39,7/6/1953,\N,8
811,58,13,21/6/1953,\N,7
812,58,55,5/7/1953,\N,8
813,58,9,18/7/1953,\N,9
814,58,20,2/8/1953,\N,9
815,58,66,23/8/1953,\N,7
816,58,14,13/9/1953,\N,6
799,57,25,17/1/1954,\N,1
800,57,19,31/5/1954,\N,9
801,57,13,20/6/1954,\N,6
802,57,55,4/7/1954,\N,3
803,57,9,17/7/1954,\N,1
804,57,20,1/8/1954,\N,3
805,57,66,22/8/1954,\N,2
806,57,14,5/9/1954,\N,8
807,57,67,24/10/1954,\N,6
792,56,25,16/1/1955,\N,6
793,56,6,22/5/1955,\N,9
794,56,19,30/5/1955,\N,7
795,56,13,5/6/1955,\N,4
796,56,39,19/6/1955,\N,6
797,56,58,16/7/1955,\N,7
798,56,14,11/9/1955,\N,4
784,55,25,22/1/1956,\N,6
785,55,6,13/5/1956,\N,9
786,55,19,30/5/1956,\N,9
787,55,13,3/6/1956,\N,3
788,55,55,1/7/1956,\N,2
789,55,9,14/7/1956,\N,4
790,55,20,5/8/1956,\N,1
791,55,14,2/9/1956,\N,4
776,54,25,13/1/1957,\N,6
777,54,6,19/5/1957,\N,9
778,54,19,30/5/1957,\N,1
779,54,53,7/7/1957,\N,1
780,54,58,20/7/1957,\N,7
781,54,20,4/8/1957,\N,4
782,54,65,18/8/1957,\N,4
783,54,14,8/9/1957,\N,3
765,53,25,19/1/1958,\N,6
766,53,6,18/5/1958,\N,3
767,53,39,26/5/1958,\N,5
768,53,19,30/5/1958,\N,5
769,53,13,15/6/1958,\N,9
770,53,55,6/7/1958,\N,5
771,53,9,19/7/1958,\N,2
772,53,20,3/8/1958,\N,6
773,53,59,24/8/1958,\N,2
774,53,14,7/9/1958,\N,3
775,53,64,19/10/1958,\N,8
756,52,6,10/5/1959,\N,1
757,52,19,30/5/1959,\N,1
758,52,39,31/5/1959,\N,9
759,52,55,5/7/1959,\N,9
760,52,58,18/7/1959,\N,4
761,52,61,2/8/1959,\N,9
762,52,62,23/8/1959,\N,7
763,52,14,13/9/1959,\N,7
764,52,63,12/12/1959,\N,3
746,51,25,7/2/1960,\N,1
747,51,6,29/5/1960,\N,9
748,51,19,30/5/1960,\N,5
749,51,39,6/6/1960,\N,6
750,51,13,19/6/1960,\N,8
751,51,55,3/7/1960,\N,5
752,51,9,16/7/1960,\N,5
753,51,59,14/8/1960,\N,8
754,51,14,4/9/1960,\N,8
755,51,60,20/11/1960,\N,9
738,50,6,14/5/1961,\N,7
739,50,39,22/5/1961,\N,4
740,50,13,18/6/1961,\N,4
741,50,55,2/7/1961,\N,1
742,50,58,15/7/1961,\N,7
743,50,20,6/8/1961,\N,2
744,50,14,10/9/1961,\N,2
745,50,46,8/10/1961,\N,1
729,49,39,20/5/1962,\N,8
730,49,6,3/6/1962,\N,2
731,49,13,17/6/1962,\N,7
732,49,53,8/7/1962,\N,3
733,49,58,21/7/1962,\N,3
734,49,20,5/8/1962,\N,7
735,49,14,16/9/1962,\N,4
736,49,46,7/10/1962,\N,7
737,49,56,29/12/1962,\N,4
719,48,6,26/5/1963,\N,3
720,48,13,9/6/1963,\N,7
721,48,39,23/6/1963,\N,7
722,48,55,30/6/1963,\N,1
723,48,9,20/7/1963,\N,2
724,48,20,4/8/1963,\N,3
725,48,14,8/9/1963,\N,2
726,48,46,6/10/1963,\N,2
727,48,32,27/10/1963,\N,7
728,48,56,28/12/1963,\N,6
709,47,6,10/5/1964,\N,8
710,47,39,24/5/1964,\N,5
711,47,13,14/6/1964,\N,2
712,47,53,28/6/1964,\N,3
713,47,38,11/7/1964,\N,8
714,47,20,2/8/1964,\N,4
715,47,57,23/8/1964,\N,5
716,47,14,6/9/1964,\N,9
717,47,46,4/10/1964,\N,9
718,47,32,25/10/1964,\N,1
699,46,56,1/1/1965,\N,4
700,46,6,30/5/1965,\N,1
701,46,13,13/6/1965,\N,8
702,46,51,27/6/1965,\N,9
703,46,9,10/7/1965,\N,1
704,46,39,18/7/1965,\N,3
705,46,20,1/8/1965,\N,2
706,46,14,12/9/1965,\N,3
707,46,46,3/10/1965,\N,8
708,46,32,24/10/1965,\N,8
690,45,6,22/5/1966,\N,4
691,45,13,12/6/1966,\N,1
692,45,55,3/7/1966,\N,4
693,45,38,16/7/1966,\N,4
694,45,39,24/7/1966,\N,3
695,45,20,7/8/1966,\N,8
696,45,14,4/9/1966,\N,8
697,45,46,2/10/1966,\N,7
698,45,32,23/10/1966,\N,7
679,44,30,2/1/1967,\N,9
680,44,6,7/5/1967,\N,1
681,44,39,4/6/1967,\N,8
682,44,13,18/6/1967,\N,1
683,44,54,2/7/1967,\N,4
684,44,9,15/7/1967,\N,3
685,44,20,6/8/1967,\N,9
686,44,48,27/8/1967,\N,3
687,44,14,10/9/1967,\N,1
688,44,46,1/10/1967,\N,6
689,44,32,22/10/1967,\N,9
667,43,30,1/1/1968,\N,6
668,43,45,12/5/1968,\N,5
669,43,6,26/5/1968,\N,2
670,43,13,9/6/1968,\N,9
671,43,39,23/6/1968,\N,7
672,43,53,7/7/1968,\N,2
673,43,38,20/7/1968,\N,7
674,43,20,4/8/1968,\N,5
675,43,14,8/9/1968,\N,4
676,43,52,22/9/1968,\N,6
677,43,46,6/10/1968,\N,6
678,43,32,3/11/1968,\N,8
656,42,30,1/3/1969,\N,3
657,42,49,4/5/1969,\N,3
658,42,6,18/5/1969,\N,1
659,42,39,21/6/1969,\N,7
660,42,51,6/7/1969,\N,2
661,42,9,19/7/1969,\N,8
662,42,20,3/8/1969,\N,3
663,42,14,7/9/1969,\N,1
664,42,48,20/9/1969,\N,7
665,42,46,5/10/1969,\N,4
666,42,32,19/10/1969,\N,7
643,41,30,7/3/1970,\N,1
644,41,45,19/4/1970,\N,7
645,41,6,10/5/1970,\N,6
646,41,13,7/6/1970,\N,1
647,41,39,21/6/1970,\N,9
648,41,51,5/7/1970,\N,1
649,41,38,18/7/1970,\N,5
650,41,10,2/8/1970,\N,5
651,41,70,16/8/1970,\N,8
652,41,14,6/9/1970,\N,2
653,41,52,20/9/1970,\N,1
654,41,46,4/10/1970,\N,2
655,41,32,25/10/1970,\N,8
632,40,30,6/3/1971,\N,5
633,40,49,18/4/1971,\N,7
634,40,6,23/5/1971,\N,1
635,40,39,20/6/1971,\N,6
636,40,34,4/7/1971,\N,7
637,40,9,17/7/1971,\N,6
638,40,20,1/8/1971,\N,8
639,40,70,15/8/1971,\N,5
640,40,14,5/9/1971,\N,6
641,40,48,19/9/1971,\N,3
642,40,46,3/10/1971,\N,6
620,39,25,23/1/1972,\N,6
621,39,30,4/3/1972,\N,3
622,39,45,1/5/1972,\N,9
623,39,6,14/5/1972,\N,7
624,39,50,4/6/1972,\N,6
625,39,51,2/7/1972,\N,6
626,39,38,15/7/1972,\N,9
627,39,20,30/7/1972,\N,9
628,39,70,13/8/1972,\N,3
629,39,14,10/9/1972,\N,9
630,39,48,24/9/1972,\N,3
631,39,46,8/10/1972,\N,8
605,38,25,28/1/1973,\N,4
606,38,18,11/2/1973,\N,9
607,38,30,3/3/1973,\N,4
608,38,49,29/4/1973,\N,2
609,38,40,20/5/1973,\N,2
610,38,6,3/6/1973,\N,1
611,38,47,17/6/1973,\N,2
612,38,34,1/7/1973,\N,3
613,38,9,14/7/1973,\N,9
614,38,39,29/7/1973,\N,6
615,38,20,5/8/1973,\N,1
616,38,70,19/8/1973,\N,4
617,38,14,9/9/1973,\N,9
618,38,48,23/9/1973,\N,6
619,38,46,7/10/1973,\N,7
590,37,25,13/1/1974,\N,4
591,37,18,27/1/1974,\N,1
592,37,30,30/3/1974,\N,9
593,37,45,28/4/1974,\N,1
594,37,50,12/5/1974,\N,8
595,37,6,26/5/1974,\N,4
596,37,47,9/6/1974,\N,3
597,37,39,23/6/1974,\N,7
598,37,41,7/7/1974,\N,6
599,37,38,20/7/1974,\N,7
600,37,20,4/8/1974,\N,4
601,37,70,18/8/1974,\N,6
602,37,14,8/9/1974,\N,8
603,37,48,22/9/1974,\N,9
604,37,46,6/10/1974,\N,5
576,36,25,12/1/1975,\N,5
577,36,18,26/1/1975,\N,2
578,36,30,1/3/1975,\N,3
579,36,49,27/4/1975,\N,9
580,36,6,11/5/1975,\N,7
581,36,40,25/5/1975,\N,8
582,36,47,8/6/1975,\N,2
583,36,39,22/6/1975,\N,6
584,36,34,6/7/1975,\N,3
585,36,9,19/7/1975,\N,9
586,36,20,3/8/1975,\N,6
587,36,70,17/8/1975,\N,2
588,36,14,7/9/1975,\N,6
589,36,46,5/10/1975,\N,6
560,35,18,25/1/1976,\N,2
561,35,30,6/3/1976,\N,9
562,35,43,28/3/1976,\N,9
563,35,45,2/5/1976,\N,6
564,35,40,16/5/1976,\N,9
565,35,6,30/5/1976,\N,4
566,35,47,13/6/1976,\N,8
567,35,34,4/7/1976,\N,3
568,35,38,18/7/1976,\N,2
569,35,20,1/8/1976,\N,6
570,35,70,15/8/1976,\N,2
571,35,39,29/8/1976,\N,7
572,35,14,12/9/1976,\N,5
573,35,48,3/10/1976,\N,9
574,35,46,10/10/1976,\N,3
575,35,16,24/10/1976,\N,6
543,34,25,9/1/1977,\N,7
544,34,18,23/1/1977,\N,7
545,34,30,5/3/1977,\N,7
546,34,43,3/4/1977,\N,8
547,34,45,8/5/1977,\N,2
548,34,6,22/5/1977,\N,3
549,34,40,5/6/1977,\N,8
550,34,47,19/6/1977,\N,8
551,34,41,3/7/1977,\N,4
552,34,9,16/7/1977,\N,5
553,34,10,31/7/1977,\N,7
554,34,70,14/8/1977,\N,8
555,34,39,28/8/1977,\N,4
556,34,14,11/9/1977,\N,4
557,34,46,2/10/1977,\N,1
558,34,48,9/10/1977,\N,1
559,34,16,23/10/1977,\N,6
527,33,25,15/1/1978,\N,9
528,33,36,29/1/1978,\N,5
529,33,30,4/3/1978,\N,1
530,33,43,2/4/1978,\N,7
531,33,6,7/5/1978,\N,2
532,33,40,21/5/1978,\N,3
533,33,45,4/6/1978,\N,6
534,33,47,17/6/1978,\N,7
535,33,34,2/7/1978,\N,8
536,33,38,16/7/1978,\N,3
537,33,10,30/7/1978,\N,7
538,33,70,13/8/1978,\N,9
539,33,39,27/8/1978,\N,8
540,33,14,10/9/1978,\N,6
541,33,46,1/10/1978,\N,5
542,33,7,8/10/1978,\N,6
512,32,25,21/1/1979,\N,1
513,32,18,4/2/1979,\N,4
514,32,30,3/3/1979,\N,1
515,32,43,8/4/1979,\N,7
516,32,45,29/4/1979,\N,3
517,32,40,13/5/1979,\N,1
518,32,6,27/5/1979,\N,8
519,32,41,1/7/1979,\N,1
520,32,9,14/7/1979,\N,4
521,32,10,29/7/1979,\N,1
522,32,70,12/8/1979,\N,4
523,32,39,26/8/1979,\N,7
524,32,14,9/9/1979,\N,7
525,32,7,30/9/1979,\N,7
526,32,46,7/10/1979,\N,4
498,31,25,13/1/1980,\N,5
499,31,18,27/1/1980,\N,4
500,31,30,1/3/1980,\N,1
501,31,43,30/3/1980,\N,3
502,31,40,4/5/1980,\N,2
503,31,6,18/5/1980,\N,9
504,31,34,29/6/1980,\N,9
505,31,38,13/7/1980,\N,4
506,31,10,10/8/1980,\N,1
507,31,70,17/8/1980,\N,2
508,31,39,31/8/1980,\N,6
509,31,21,14/9/1980,\N,3
510,31,7,28/9/1980,\N,3
511,31,46,5/10/1980,\N,5
483,30,43,15/3/1981,\N,1
484,30,36,29/3/1981,\N,6
485,30,25,12/4/1981,\N,6
486,30,21,3/5/1981,\N,7
487,30,40,17/5/1981,\N,9
488,30,6,31/5/1981,\N,3
489,30,45,21/6/1981,\N,7
490,30,41,5/7/1981,\N,6
491,30,9,18/7/1981,\N,6
492,30,10,2/8/1981,\N,3
493,30,70,16/8/1981,\N,6
494,30,39,30/8/1981,\N,8
495,30,14,13/9/1981,\N,5
496,30,7,27/9/1981,\N,9
497,30,44,17/10/1981,\N,9
467,29,30,23/1/1982,\N,6
468,29,36,21/3/1982,\N,3
469,29,43,4/4/1982,\N,8
470,29,21,25/4/1982,\N,9
471,29,40,9/5/1982,\N,9
472,29,6,23/5/1982,\N,9
473,29,37,6/6/1982,\N,7
474,29,7,13/6/1982,\N,5
475,29,39,3/7/1982,\N,6
476,29,38,18/7/1982,\N,1
477,29,34,25/7/1982,\N,7
478,29,10,8/8/1982,\N,5
479,29,70,15/8/1982,\N,8
480,29,41,29/8/1982,\N,5
481,29,14,12/9/1982,\N,3
482,29,44,25/9/1982,\N,9
452,28,36,13/3/1983,\N,6
453,28,43,27/3/1983,\N,6
454,28,34,17/4/1983,\N,4
455,28,21,1/5/1983,\N,6
456,28,6,15/5/1983,\N,1
457,28,13,22/5/1983,\N,8
458,28,37,5/6/1983,\N,4
459,28,7,12/6/1983,\N,3
460,28,9,16/7/1983,\N,7
461,28,10,7/8/1983,\N,3
462,28,70,14/8/1983,\N,5
463,28,39,28/8/1983,\N,4
464,28,14,11/9/1983,\N,1
465,28,38,25/9/1983,\N,2
466,28,30,15/10/1983,\N,1
436,27,36,25/3/1984,\N,8
437,27,30,7/4/1984,\N,6
438,27,40,29/4/1984,\N,2
439,27,21,6/5/1984,\N,7
440,27,41,20/5/1984,\N,6
441,27,6,3/6/1984,\N,8
442,27,7,17/6/1984,\N,4
443,27,37,24/6/1984,\N,8
444,27,42,8/7/1984,\N,9
445,27,38,22/7/1984,\N,9
446,27,10,5/8/1984,\N,7
447,27,70,19/8/1984,\N,3
448,27,39,26/8/1984,\N,1
449,27,14,9/9/1984,\N,9
450,27,20,7/10/1984,\N,6
451,27,27,21/10/1984,\N,2
420,26,36,7/4/1985,\N,7
421,26,27,21/4/1985,\N,4
422,26,21,5/5/1985,\N,7
423,26,6,19/5/1985,\N,3
424,26,7,16/6/1985,\N,5
425,26,37,23/6/1985,\N,4
426,26,34,7/7/1985,\N,1
427,26,9,21/7/1985,\N,5
428,26,20,4/8/1985,\N,5
429,26,70,18/8/1985,\N,7
430,26,39,25/8/1985,\N,2
431,26,14,8/9/1985,\N,1
432,26,13,15/9/1985,\N,8
433,26,38,6/10/1985,\N,6
434,26,30,19/10/1985,\N,8
435,26,29,3/11/1985,\N,5
404,25,36,23/3/1986,\N,2
405,25,26,13/4/1986,\N,3
406,25,21,27/4/1986,\N,6
407,25,6,11/5/1986,\N,9
408,25,13,25/5/1986,\N,8
409,25,7,15/6/1986,\N,3
410,25,37,22/6/1986,\N,7
411,25,34,6/7/1986,\N,6
412,25,38,13/7/1986,\N,8
413,25,10,27/7/1986,\N,8
414,25,11,10/8/1986,\N,3
415,25,70,17/8/1986,\N,9
416,25,14,7/9/1986,\N,8
417,25,27,21/9/1986,\N,9
418,25,32,12/10/1986,\N,5
419,25,29,26/10/1986,\N,2
388,24,36,12/4/1987,\N,3
389,24,21,3/5/1987,\N,6
390,24,13,17/5/1987,\N,8
391,24,6,31/5/1987,\N,2
392,24,37,21/6/1987,\N,8
393,24,34,5/7/1987,\N,5
394,24,9,12/7/1987,\N,6
395,24,10,26/7/1987,\N,6
396,24,11,9/8/1987,\N,9
397,24,70,16/8/1987,\N,3
398,24,14,6/9/1987,\N,5
399,24,27,20/9/1987,\N,7
400,24,26,27/9/1987,\N,7
401,24,32,18/10/1987,\N,9
402,24,22,1/11/1987,\N,4
403,24,29,15/11/1987,\N,5
372,23,36,3/4/1988,\N,4
373,23,21,1/5/1988,\N,5
374,23,6,15/5/1988,\N,7
375,23,32,29/5/1988,\N,1
376,23,7,12/6/1988,\N,8
377,23,37,19/6/1988,\N,1
378,23,34,3/7/1988,\N,3
379,23,9,10/7/1988,\N,7
380,23,10,24/7/1988,\N,1
381,23,11,7/8/1988,\N,1
382,23,13,28/8/1988,\N,3
383,23,14,11/9/1988,\N,2
384,23,27,25/9/1988,\N,7
385,23,26,2/10/1988,\N,8
386,23,22,30/10/1988,\N,7
387,23,29,13/11/1988,\N,4
356,22,36,26/3/1989,\N,1
357,22,21,23/4/1989,\N,7
358,22,6,7/5/1989,\N,4
359,22,32,28/5/1989,\N,7
360,22,33,4/6/1989,\N,3
361,22,7,18/6/1989,\N,6
362,22,34,9/7/1989,\N,7
363,22,9,16/7/1989,\N,3
364,22,10,30/7/1989,\N,8
365,22,11,13/8/1989,\N,8
366,22,13,27/8/1989,\N,1
367,22,14,10/9/1989,\N,3
368,22,27,24/9/1989,\N,6
369,22,26,1/10/1989,\N,5
370,22,22,22/10/1989,\N,4
371,22,29,5/11/1989,\N,3
321,20,33,11/3/1990,\N,3
322,20,18,25/3/1990,\N,3
323,20,21,13/5/1990,\N,7
324,20,6,27/5/1990,\N,1
325,20,7,10/6/1990,\N,9
326,20,32,24/6/1990,\N,7
327,20,34,8/7/1990,\N,3
328,20,9,15/7/1990,\N,3
329,20,10,29/7/1990,\N,9
330,20,11,12/8/1990,\N,1
331,20,13,26/8/1990,\N,4
332,20,14,9/9/1990,\N,9
333,20,27,23/9/1990,\N,8
334,20,26,30/9/1990,\N,6
335,20,22,21/10/1990,\N,4
336,20,29,4/11/1990,\N,7
305,19,33,10/3/1991,\N,7
306,19,18,24/3/1991,\N,7
307,19,21,28/4/1991,\N,1
308,19,6,12/5/1991,\N,1
309,19,7,2/6/1991,\N,3
310,19,32,16/6/1991,\N,5
311,19,8,7/7/1991,\N,3
312,19,9,14/7/1991,\N,3
313,19,10,28/7/1991,\N,5
314,19,11,11/8/1991,\N,3
315,19,13,25/8/1991,\N,8
316,19,14,8/9/1991,\N,3
317,19,27,22/9/1991,\N,7
318,19,4,29/9/1991,\N,6
319,19,22,20/10/1991,\N,7
320,19,29,3/11/1991,\N,2
289,18,30,1/3/1992,\N,5
290,18,32,22/3/1992,\N,1
291,18,18,5/4/1992,\N,7
292,18,4,3/5/1992,\N,7
293,18,21,17/5/1992,\N,5
294,18,6,31/5/1992,\N,3
295,18,7,14/6/1992,\N,1
296,18,8,5/7/1992,\N,1
297,18,9,12/7/1992,\N,1
298,18,10,26/7/1992,\N,7
299,18,11,16/8/1992,\N,3
300,18,13,30/8/1992,\N,1
301,18,14,13/9/1992,\N,2
302,18,27,27/9/1992,\N,6
303,18,22,25/10/1992,\N,4
304,18,29,8/11/1992,\N,5
273,17,30,14/3/1993,\N,8
274,17,18,28/3/1993,\N,8
275,17,31,11/4/1993,\N,5
276,17,21,25/4/1993,\N,3
277,17,4,9/5/1993,\N,9
278,17,6,23/5/1993,\N,1
279,17,7,13/6/1993,\N,3
280,17,8,4/7/1993,\N,4
281,17,9,11/7/1993,\N,9
282,17,10,25/7/1993,\N,2
283,17,11,15/8/1993,\N,8
284,17,13,29/8/1993,\N,6
285,17,14,12/9/1993,\N,8
286,17,27,26/9/1993,\N,8
287,17,22,24/10/1993,\N,3
288,17,29,7/11/1993,\N,1
257,16,18,27/3/1994,\N,6
258,16,28,17/4/1994,\N,3
259,16,21,1/5/1994,\N,9
260,16,6,15/5/1994,\N,5
261,16,4,29/5/1994,\N,4
262,16,7,12/6/1994,\N,6
263,16,8,3/7/1994,\N,8
264,16,9,10/7/1994,\N,2
265,16,10,31/7/1994,\N,7
266,16,11,14/8/1994,\N,5
267,16,13,28/8/1994,\N,9
268,16,14,11/9/1994,\N,5
269,16,27,25/9/1994,\N,6
270,16,26,16/10/1994,\N,9
271,16,22,6/11/1994,\N,3
272,16,29,13/11/1994,\N,1
240,15,18,26/3/1995,\N,6
241,15,25,9/4/1995,\N,6
242,15,21,30/4/1995,\N,7
243,15,4,14/5/1995,\N,5
244,15,6,28/5/1995,\N,6
245,15,7,11/6/1995,\N,5
246,15,8,2/7/1995,\N,4
247,15,9,16/7/1995,\N,8
248,15,10,30/7/1995,\N,9
249,15,11,13/8/1995,\N,4
250,15,13,27/8/1995,\N,8
251,15,14,10/9/1995,\N,1
252,15,27,24/9/1995,\N,1
253,15,20,1/10/1995,\N,8
254,15,28,22/10/1995,\N,7
255,15,22,29/10/1995,\N,8
256,15,29,12/11/1995,\N,4
224,14,1,10/3/1996,\N,1
225,14,18,31/3/1996,\N,6
226,14,25,7/4/1996,\N,7
227,14,20,28/4/1996,\N,5
228,14,21,5/5/1996,\N,6
229,14,6,19/5/1996,\N,5
230,14,4,2/6/1996,\N,9
231,14,7,16/6/1996,\N,5
232,14,8,30/6/1996,\N,3
233,14,9,14/7/1996,\N,7
234,14,10,28/7/1996,\N,2
235,14,11,11/8/1996,\N,6
236,14,13,25/8/1996,\N,8
237,14,14,8/9/1996,\N,4
238,14,27,22/9/1996,\N,1
239,14,22,13/10/1996,\N,7
207,13,1,9/3/1997,\N,8
208,13,18,30/3/1997,\N,6
209,13,25,13/4/1997,\N,4
210,13,21,27/4/1997,\N,3
211,13,6,11/5/1997,\N,1
212,13,4,25/5/1997,\N,2
213,13,7,15/6/1997,\N,1
214,13,8,29/6/1997,\N,7
215,13,9,13/7/1997,\N,9
216,13,10,27/7/1997,\N,5
217,13,11,10/8/1997,\N,1
218,13,13,24/8/1997,\N,7
219,13,14,7/9/1997,\N,1
220,13,70,21/9/1997,\N,5
221,13,20,28/9/1997,\N,3
222,13,22,12/10/1997,\N,7
223,13,26,26/10/1997,\N,8
191,12,1,8/3/1998,\N,5
192,12,18,29/3/1998,\N,7
193,12,25,12/4/1998,\N,5
194,12,21,26/4/1998,\N,2
195,12,4,10/5/1998,\N,4
196,12,6,24/5/1998,\N,4
197,12,7,7/6/1998,\N,1
198,12,8,28/6/1998,\N,8
199,12,9,12/7/1998,\N,7
200,12,70,26/7/1998,\N,9
201,12,10,2/8/1998,\N,2
202,12,11,16/8/1998,\N,3
203,12,13,30/8/1998,\N,5
204,12,14,13/9/1998,\N,8
205,12,20,27/9/1998,\N,3
206,12,22,1/11/1998,\N,9
175,11,1,7/3/1999,\N,8
176,11,18,11/4/1999,\N,6
177,11,21,2/5/1999,\N,2
178,11,6,16/5/1999,\N,7
179,11,4,30/5/1999,\N,9
180,11,7,13/6/1999,\N,2
181,11,8,27/6/1999,\N,2
182,11,9,11/7/1999,\N,6
183,11,70,25/7/1999,\N,5
184,11,10,1/8/1999,\N,7
185,11,11,15/8/1999,\N,7
186,11,13,29/8/1999,\N,3
187,11,14,12/9/1999,\N,7
188,11,20,26/9/1999,\N,9
189,11,2,17/10/1999,\N,9
190,11,22,31/10/1999,\N,7
158,10,1,12/3/2000,\N,5
159,10,18,26/3/2000,\N,4
160,10,21,9/4/2000,\N,9
161,10,9,23/4/2000,\N,1
162,10,4,7/5/2000,\N,2
163,10,20,21/5/2000,\N,7
164,10,6,4/6/2000,\N,1
165,10,7,18/6/2000,\N,4
166,10,8,2/7/2000,\N,3
167,10,70,16/7/2000,\N,5
168,10,10,30/7/2000,\N,9
169,10,11,13/8/2000,\N,7
170,10,13,27/8/2000,\N,3
171,10,14,10/9/2000,\N,7
172,10,19,24/9/2000,\N,7
173,10,22,8/10/2000,\N,6
174,10,2,22/10/2000,\N,2
141,9,1,4/3/2001,\N,2
142,9,2,18/3/2001,\N,5
143,9,18,1/4/2001,\N,9
144,9,21,15/4/2001,\N,9
145,9,4,29/4/2001,\N,8
146,9,70,13/5/2001,\N,7
147,9,6,27/5/2001,\N,8
148,9,7,10/6/2001,\N,9
149,9,20,24/6/2001,\N,2
150,9,8,1/7/2001,\N,5
151,9,9,15/7/2001,\N,4
152,9,10,29/7/2001,\N,2
153,9,11,19/8/2001,\N,3
154,9,13,2/9/2001,\N,1
155,9,14,16/9/2001,\N,3
156,9,19,30/9/2001,\N,7
157,9,22,14/10/2001,\N,5
124,8,1,3/3/2002,\N,7
125,8,2,17/3/2002,\N,1
126,8,18,31/3/2002,\N,6
127,8,21,14/4/2002,\N,6
128,8,4,28/4/2002,\N,3
129,8,70,12/5/2002,\N,6
130,8,6,26/5/2002,\N,3
131,8,7,9/6/2002,\N,3
132,8,20,23/6/2002,\N,8
133,8,9,7/7/2002,\N,3
134,8,8,21/7/2002,\N,2
135,8,10,28/7/2002,\N,5
136,8,11,18/8/2002,\N,1
137,8,13,1/9/2002,\N,8
138,8,14,15/9/2002,\N,5
139,8,19,29/9/2002,\N,5
140,8,22,13/10/2002,\N,3
108,7,1,9/3/2003,\N,6
109,7,2,23/3/2003,\N,5
110,7,18,6/4/2003,\N,6
111,7,21,20/4/2003,\N,9
112,7,4,4/5/2003,\N,3
113,7,70,18/5/2003,\N,7
114,7,6,1/6/2003,\N,4
115,7,7,15/6/2003,\N,5
116,7,20,29/6/2003,\N,6
117,7,8,6/7/2003,\N,5
118,7,9,20/7/2003,\N,2
119,7,10,3/8/2003,\N,3
120,7,11,24/8/2003,\N,6
121,7,14,14/9/2003,\N,9
122,7,19,28/9/2003,\N,4
123,7,22,12/10/2003,\N,4
90,6,1,7/3/2004,\N,3
91,6,2,21/3/2004,\N,1
92,6,3,4/4/2004,\N,6
93,6,21,25/4/2004,\N,1
94,6,4,9/5/2004,\N,2
95,6,6,23/5/2004,\N,1
96,6,20,30/5/2004,\N,5
97,6,7,13/6/2004,\N,4
98,6,19,20/6/2004,\N,1
99,6,8,4/7/2004,\N,5
100,6,9,11/7/2004,\N,1
101,6,10,25/7/2004,\N,8
102,6,11,15/8/2004,\N,5
103,6,13,29/8/2004,\N,2
104,6,14,12/9/2004,\N,6
105,6,17,26/9/2004,\N,9
106,6,22,10/10/2004,\N,7
107,6,18,24/10/2004,\N,8
71,5,1,6/3/2005,14:00:00:000,2
72,5,2,20/3/2005,15:00:00:000,4
73,5,3,3/4/2005,14:30:00,7
74,5,21,24/4/2005,14:00:00:000,8
75,5,4,8/5/2005,14:00:00:000,7
76,5,6,22/5/2005,14:00:00:000,9
77,5,20,29/5/2005,14:00:00:000,4
78,5,7,12/6/2005,13:00:00:000,7
79,5,19,19/6/2005,14:00:00:000,2
80,5,8,3/7/2005,14:00:00:000,9
81,5,9,10/7/2005,14:00:00:000,2
82,5,10,24/7/2005,14:00:00:000,2
83,5,11,31/7/2005,14:00:00:000,6
84,5,5,21/8/2005,15:00:00:000,5
85,5,14,4/9/2005,14:00:00:000,3
86,5,13,11/9/2005,14:00:00:000,9
87,5,18,25/9/2005,14:00:00:000,8
88,5,22,9/10/2005,14:00:00:000,9
89,5,17,16/10/2005,14:00:00:000,6
53,4,3,12/3/2006,14:30:00,8
54,4,2,19/3/2006,15:00:00:000,5
55,4,1,2/4/2006,14:00:00:000,2
56,4,21,23/4/2006,14:00:00:000,7
57,4,20,7/5/2006,14:00:00:000,3
58,4,4,14/5/2006,14:00:00:000,3
59,4,6,28/5/2006,14:00:00:000,4
60,4,9,11/6/2006,12:00:00:000,8
61,4,7,25/6/2006,13:00:00:000,9
62,4,19,2/7/2006,14:00:00:000,7
63,4,8,16/7/2006,14:00:00:000,3
64,4,10,30/7/2006,14:00:00:000,2
65,4,11,6/8/2006,14:00:00:000,3
66,4,5,27/8/2006,15:00:00:000,1
67,4,14,10/9/2006,14:00:00:000,3
68,4,17,1/10/2006,14:00:00:000,4
69,4,22,8/10/2006,14:00:00:000,8
70,4,18,22/10/2006,14:00:00:000,2
36,3,1,18/3/2007,03:00:00:000,2
37,3,2,8/4/2007,07:00:00:000,5
38,3,3,15/4/2007,11:30:00,8
39,3,4,13/5/2007,12:00:00:000,4
40,3,6,27/5/2007,12:00:00:000,4
41,3,7,10/6/2007,17:00:00:000,6
42,3,19,17/6/2007,17:00:00:000,8
43,3,8,1/7/2007,12:00:00:000,6
44,3,9,8/7/2007,12:00:00:000,8
45,3,20,22/7/2007,12:00:00:000,8
46,3,11,5/8/2007,12:00:00:000,5
47,3,5,26/8/2007,12:00:00:000,8
48,3,14,9/9/2007,12:00:00:000,4
49,3,13,16/9/2007,12:00:00:000,9
50,3,16,30/9/2007,04:30:00,3
51,3,17,7/10/2007,06:00:00:000,6
52,3,18,21/10/2007,16:00:00:000,6
18,2,1,16/3/2008,04:30:00,3
19,2,2,23/3/2008,07:00:00:000,9
20,2,3,6/4/2008,11:30:00,2
21,2,4,27/4/2008,12:00:00:000,4
22,2,5,11/5/2008,12:00:00:000,4
23,2,6,25/5/2008,12:00:00:000,6
24,2,7,8/6/2008,17:00:00:000,6
25,2,8,22/6/2008,12:00:00:000,3
26,2,9,6/7/2008,12:00:00:000,2
27,2,10,20/7/2008,12:00:00:000,3
28,2,11,3/8/2008,12:00:00:000,2
29,2,12,24/8/2008,12:00:00:000,2
30,2,13,7/9/2008,12:00:00:000,1
31,2,14,14/9/2008,12:00:00:000,6
32,2,15,28/9/2008,12:00:00:000,5
33,2,16,12/10/2008,04:30:00,6
34,2,17,19/10/2008,07:00:00:000,1
35,2,18,2/11/2008,17:00:00:000,2
1,1,1,29/3/2009,06:00:00:000,3
2,1,2,5/4/2009,09:00:00:000,7
3,1,17,19/4/2009,07:00:00:000,3
4,1,3,26/4/2009,12:00:00:000,3
5,1,4,10/5/2009,12:00:00:000,6
6,1,6,24/5/2009,12:00:00:000,9
7,1,5,7/6/2009,12:00:00:000,4
8,1,9,21/6/2009,12:00:00:000,9
9,1,20,12/7/2009,12:00:00:000,7
10,1,11,26/7/2009,12:00:00:000,8
11,1,12,23/8/2009,12:00:00:000,1
12,1,13,30/8/2009,12:00:00:000,5
13,1,14,13/9/2009,12:00:00:000,3
14,1,15,27/9/2009,12:00:00:000,9
15,1,22,4/10/2009,05:00:00:000,7
16,1,18,18/10/2009,16:00:00:000,3
17,1,24,1/11/2009,11:00:00:000,3
337,21,3,14/3/2010,12:00:00:000,6
338,21,1,28/3/2010,06:00:00:000,6
339,21,2,4/4/2010,08:00:00:000,7
340,21,17,18/4/2010,06:00:00:000,1
341,21,4,9/5/2010,12:00:00:000,6
342,21,6,16/5/2010,12:00:00:000,7
343,21,5,30/5/2010,11:00:00:000,7
344,21,7,13/6/2010,16:00:00:000,3
345,21,12,27/6/2010,12:00:00:000,8
346,21,9,11/7/2010,12:00:00:000,7
347,21,10,25/7/2010,12:00:00:000,8
348,21,11,1/8/2010,12:00:00:000,2
349,21,13,29/8/2010,12:00:00:000,5
350,21,14,12/9/2010,12:00:00:000,6
351,21,15,26/9/2010,12:00:00:000,7
352,21,22,10/10/2010,06:00:00:000,2
353,21,35,24/10/2010,05:00:00:000,5
354,21,18,7/11/2010,16:00:00:000,8
355,21,24,14/11/2010,13:00:00:000,2
841,62,1,27/3/2011,06:00:00:000,7
842,62,2,10/4/2011,08:00:00:000,3
843,62,17,17/4/2011,07:00:00:000,8
844,62,5,8/5/2011,12:00:00:000,2
845,62,4,22/5/2011,12:00:00:000,4
846,62,6,29/5/2011,12:00:00:000,3
847,62,7,12/6/2011,17:00:00:000,4
848,62,12,26/6/2011,12:00:00:000,1
849,62,9,10/7/2011,12:00:00:000,3
850,62,20,24/7/2011,12:00:00:000,1
851,62,11,31/7/2011,12:00:00:000,5
852,62,13,28/8/2011,12:00:00:000,9
853,62,14,11/9/2011,12:00:00:000,9
854,62,15,25/9/2011,12:00:00:000,9
855,62,22,9/10/2011,06:00:00:000,3
856,62,35,16/10/2011,06:00:00:000,8
857,62,68,30/10/2011,09:30:00,3
858,62,24,13/11/2011,13:00:00:000,9
859,62,18,27/11/2011,16:00:00:000,6
860,63,1,18/3/2012,06:00:00:000,3
861,63,2,25/3/2012,08:00:00:000,1
862,63,17,15/4/2012,07:00:00:000,1
863,63,3,22/4/2012,12:00:00:000,3
864,63,4,13/5/2012,12:00:00:000,3
865,63,6,27/5/2012,12:00:00:000,9
866,63,7,10/6/2012,18:00:00:000,2
867,63,12,24/6/2012,12:00:00:000,5
868,63,9,8/7/2012,12:00:00:000,7
869,63,10,22/7/2012,12:00:00:000,4
870,63,11,29/7/2012,12:00:00:000,3
871,63,13,2/9/2012,12:00:00:000,5
872,63,14,9/9/2012,12:00:00:000,5
873,63,15,23/9/2012,12:00:00:000,3
874,63,22,7/10/2012,06:00:00:000,1
875,63,35,14/10/2012,06:00:00:000,9
876,63,68,28/10/2012,09:30:00,3
877,63,24,4/11/2012,13:00:00:000,6
878,63,69,18/11/2012,19:00:00:000,5
879,63,18,25/11/2012,16:00:00:000,9
880,64,1,17/3/2013,06:00:00:000,4
881,64,2,24/3/2013,08:00:00:000,5
882,64,17,14/4/2013,07:00:00:000,1
883,64,3,21/4/2013,12:00:00:000,9
884,64,4,12/5/2013,12:00:00:000,4
885,64,6,26/5/2013,12:00:00:000,3
886,64,7,9/6/2013,18:00:00:000,5
887,64,9,30/6/2013,12:00:00:000,7
888,64,20,7/7/2013,12:00:00:000,7
890,64,11,28/7/2013,12:00:00:000,1
891,64,13,25/8/2013,12:00:00:000,2
892,64,14,8/9/2013,12:00:00:000,4
893,64,15,22/9/2013,12:00:00:000,8
894,64,35,6/10/2013,06:00:00:000,9
895,64,22,13/10/2013,06:00:00:000,7
896,64,68,27/10/2013,09:30:00,8
897,64,24,3/11/2013,13:00:00:000,3
898,64,69,17/11/2013,19:00:00:000,6
899,64,18,24/11/2013,16:00:00:000,2
900,65,1,16/3/2014,06:00:00:000,1
901,65,2,30/3/2014,08:00:00:000,5
902,65,3,6/4/2014,15:00:00:000,8
903,65,17,20/4/2014,07:00:00:000,5
904,65,4,11/5/2014,12:00:00:000,4
905,65,6,25/5/2014,12:00:00:000,5
906,65,7,8/6/2014,18:00:00:000,1
907,65,70,22/6/2014,12:00:00:000,2
908,65,9,6/7/2014,12:00:00:000,9
909,65,10,20/7/2014,12:00:00:000,5
910,65,11,27/7/2014,12:00:00:000,5
911,65,13,24/8/2014,12:00:00:000,5
912,65,14,7/9/2014,12:00:00:000,8
913,65,15,21/9/2014,12:00:00:000,8
914,65,22,5/10/2014,06:00:00:000,1
915,65,71,12/10/2014,11:00:00:000,7
916,65,69,2/11/2014,20:00:00:000,4
917,65,18,9/11/2014,16:00:00:000,2
918,65,24,23/11/2014,13:00:00:000,1
926,66,1,15/3/2015,05:00:00:000,9
927,66,2,29/3/2015,07:00:00:000,1
928,66,17,12/4/2015,06:00:00:000,9
929,66,3,19/4/2015,15:00:00:000,4
930,66,4,10/5/2015,12:00:00:000,6
931,66,6,24/5/2015,12:00:00:000,4
932,66,7,7/6/2015,18:00:00:000,7
933,66,70,21/6/2015,12:00:00:000,7
934,66,9,5/7/2015,12:00:00:000,1
936,66,11,26/7/2015,12:00:00:000,6
937,66,13,23/8/2015,12:00:00:000,6
938,66,14,6/9/2015,12:00:00:000,3
939,66,15,20/9/2015,12:00:00:000,5
940,66,22,27/9/2015,05:00:00:000,5
941,66,71,11/10/2015,11:00:00:000,4
942,66,69,25/10/2015,19:00:00:000,6
943,66,32,1/11/2015,19:00:00:000,3
944,66,18,15/11/2015,16:00:00:000,9
945,66,24,29/11/2015,13:00:00:000,6
948,67,1,20/3/2016,05:00:00:000,9
949,67,3,3/4/2016,15:00:00:000,4
950,67,17,17/4/2016,06:00:00:000,4
951,67,71,1/5/2016,12:00:00:000,6
952,67,4,15/5/2016,12:00:00:000,2
953,67,6,29/5/2016,12:00:00:000,6
954,67,7,12/6/2016,18:00:00:000,3
955,67,73,19/6/2016,13:00:00:000,8
956,67,70,3/7/2016,12:00:00:000,7
957,67,9,10/7/2016,12:00:00:000,8
958,67,11,24/7/2016,12:00:00:000,2
959,67,10,31/7/2016,12:00:00:000,4
960,67,13,28/8/2016,12:00:00:000,6
961,67,14,4/9/2016,12:00:00:000,4
962,67,15,18/9/2016,12:00:00:000,1
963,67,2,2/10/2016,07:00:00:000,4
964,67,22,9/10/2016,05:00:00:000,8
965,67,69,23/10/2016,19:00:00:000,6
966,67,32,30/10/2016,19:00:00:000,2
967,67,18,13/11/2016,16:00:00:000,5
968,67,24,27/11/2016,13:00:00:000,2
969,68,1,26/3/2017,05:00:00:000,3
970,68,17,9/4/2017,06:00:00:000,2
971,68,3,16/4/2017,15:00:00:000,3
972,68,71,30/4/2017,12:00:00:000,2
973,68,4,14/5/2017,12:00:00:000,6
974,68,6,28/5/2017,12:00:00:000,9
975,68,7,11/6/2017,18:00:00:000,8
976,68,73,25/6/2017,13:00:00:000,4
977,68,70,9/7/2017,12:00:00:000,9
978,68,9,16/7/2017,12:00:00:000,4
979,68,11,30/7/2017,12:00:00:000,3
980,68,13,27/8/2017,12:00:00:000,7
981,68,14,3/9/2017,12:00:00:000,9
982,68,15,17/9/2017,12:00:00:000,4
983,68,2,1/10/2017,07:00:00:000,9
984,68,22,8/10/2017,05:00:00:000,8
985,68,69,22/10/2017,19:00:00:000,8
986,68,32,29/10/2017,19:00:00:000,5
987,68,18,12/11/2017,16:00:00:000,4
988,68,24,26/11/2017,13:00:00:000,7
989,69,1,25/3/2018,05:10:00,1
990,69,3,8/4/2018,15:10:00,1
991,69,17,15/4/2018,06:10:00,4
992,69,73,29/4/2018,12:10:00,5
993,69,4,13/5/2018,13:10:00,1
994,69,6,27/5/2018,13:10:00,8
995,69,7,10/6/2018,18:10:00,1
996,69,34,24/6/2018,14:10:00,7
997,69,70,1/7/2018,13:10:00,1
998,69,9,8/7/2018,13:10:00,3
999,69,10,22/7/2018,13:10:00,2
1000,69,11,29/7/2018,13:10:00,1
1001,69,13,26/8/2018,13:10:00,8
1002,69,14,2/9/2018,13:10:00,2
1003,69,15,16/9/2018,12:10:00,1
1004,69,71,30/9/2018,11:10:00,4
1005,69,22,7/10/2018,05:10:00,3
1006,69,69,21/10/2018,18:10:00,1
1007,69,32,28/10/2018,19:10:00,6
1008,69,18,11/11/2018,17:10:00,4
1009,69,24,25/11/2018,13:10:00,8
1010,70,1,17/3/2019,05:10:00,7
1011,70,3,31/3/2019,15:10:00,7
1012,70,17,14/4/2019,06:10:00,3
1013,70,73,28/4/2019,12:10:00,6
1014,70,4,12/5/2019,13:10:00,5
1015,70,6,26/5/2019,13:10:00,7
1016,70,7,9/6/2019,18:10:00,6
1017,70,34,23/6/2019,13:10:00,1
1018,70,70,30/6/2019,13:10:00,4
1019,70,9,14/7/2019,13:10:00,6
1020,70,10,28/7/2019,13:10:00,7
1021,70,11,4/8/2019,13:10:00,8
1022,70,13,1/9/2019,13:10:00,3
1023,70,14,8/9/2019,13:10:00,5
1024,70,15,22/9/2019,12:10:00,5
1025,70,71,29/9/2019,11:10:00,2
1026,70,22,13/10/2019,05:10:00,2
1027,70,32,27/10/2019,19:10:00,8
1028,70,69,3/11/2019,19:10:00,6
1029,70,18,17/11/2019,17:10:00,8
1030,70,24,1/12/2019,13:10:00,5
1031,71,70,5/7/2020,13:10:00,8
1032,71,70,12/7/2020,13:10:00,9
1033,71,11,19/7/2020,13:10:00,7
1034,71,9,2/8/2020,13:10:00,8
1035,71,9,9/8/2020,13:10:00,7
1036,71,4,16/8/2020,13:10:00,5
1037,71,13,30/8/2020,13:10:00,1
1038,71,14,6/9/2020,13:10:00,9
1039,71,76,13/9/2020,13:10:00,5
1040,71,71,27/9/2020,11:10:00,1
1041,71,20,11/10/2020,13:10:00,9
1042,71,75,25/10/2020,12:10:00,7
1043,71,21,1/11/2020,12:10:00,6
1044,71,5,15/11/2020,10:10:00,1
1045,71,3,29/11/2020,14:10:00,8
1046,71,3,6/12/2020,17:10:00,1
1047,71,24,13/12/2020,13:10:00,4
1051,72,78,21/11/2021,14:00:00:000,8
1052,72,3,28/3/2021,15:00:00:000,2
1053,72,21,18/4/2021,13:00:00:000,7
1054,72,75,2/5/2021,14:00:00:000,8
1055,72,4,9/5/2021,13:00:00:000,1
1056,72,6,23/5/2021,13:00:00:000,1
1057,72,73,6/6/2021,12:00:00:000,3
1058,72,70,27/6/2021,13:00:00:000,5
1059,72,34,20/6/2021,13:00:00:000,7
1060,72,70,4/7/2021,13:00:00:000,2
1061,72,9,18/7/2021,14:00:00:000,7
1062,72,11,1/8/2021,13:00:00:000,8
1063,72,13,29/8/2021,13:00:00:000,4
1064,72,39,5/9/2021,13:00:00:000,9
1065,72,14,12/9/2021,13:00:00:000,5
1066,72,71,26/9/2021,12:00:00:000,6
1067,72,5,10/10/2021,12:00:00:000,2
1069,72,69,24/10/2021,19:00:00:000,5
1070,72,32,7/11/2021,19:00:00:000,8
1071,72,18,14/11/2021,17:00:00:000,5
1072,72,77,5/12/2021,17:30:00,7
1073,72,24,12/12/2021,13:00:00:000,9
1074,73,3,20/3/2022,15:00:00:000,8
1075,73,77,27/3/2022,17:00:00:000,2
1076,73,1,10/4/2022,05:00:00:000,1
1077,73,21,24/4/2022,13:00:00:000,7
1078,73,79,8/5/2022,19:30:00,1
1079,73,4,22/5/2022,13:00:00:000,8
1080,73,6,29/5/2022,13:00:00:000,5
1081,73,73,12/6/2022,11:00:00:000,6
1082,73,7,19/6/2022,18:00:00:000,5
1083,73,9,3/7/2022,14:00:00:000,2
1084,73,70,10/7/2022,13:00:00:000,9
1085,73,34,24/7/2022,13:00:00:000,5
1086,73,11,31/7/2022,13:00:00:000,6
1087,73,13,28/8/2022,13:00:00:000,1
1088,73,39,4/9/2022,13:00:00:000,6
1089,73,14,11/9/2022,13:00:00:000,1
1091,73,15,2/10/2022,12:00:00:000,5
1092,73,22,9/10/2022,05:00:00:000,5
1093,73,69,23/10/2022,19:00:00:000,5
1094,73,32,30/10/2022,20:00:00:000,6
1095,73,18,13/11/2022,18:00:00:000,7
1096,73,24,20/11/2022,13:00:00:000,5